key_type,key_value,fact_text,namesake,history_blurb,image_url,image_source_url,source_label,source_url,confidence
street_name,broadway,Broadway follows an older Native path through Manhattan and long predates the Commissioners' grid.,,Broadway follows an older Native path through Manhattan and long predates the Commissioners' grid.,,https://en.wikipedia.org/wiki/Broadway_(Manhattan),Wikipedia,https://en.wikipedia.org/wiki/Broadway_(Manhattan),0.84
street_name,wall street,Wall Street takes its name from the defensive wall the Dutch built across northern New Amsterdam in 1653.,,Wall Street takes its name from the defensive wall the Dutch built across northern New Amsterdam in 1653.,,https://en.wikipedia.org/wiki/Wall_Street,Wikipedia,https://en.wikipedia.org/wiki/Wall_Street,0.88
street_name,bowery,The Bowery grew out of a Dutch farm road and remains one of Manhattan's oldest thoroughfares.,,The Bowery grew out of a Dutch farm road and remains one of Manhattan's oldest thoroughfares.,,https://en.wikipedia.org/wiki/Bowery,Wikipedia,https://en.wikipedia.org/wiki/Bowery,0.83
street_name,fifth avenue,Fifth Avenue became the line that divided Manhattan's east and west street addresses and later one of the city's signature boulevards.,,Fifth Avenue became the line that divided Manhattan's east and west street addresses and later one of the city's signature boulevards.,,,Wikipedia,https://en.wikipedia.org/wiki/Fifth_Avenue,0.78
street_name,houston street,"Houston Street is named for William Houstoun, a Georgia statesman and delegate to the Constitutional Convention; despite the spelling, New Yorkers pronounce it HOW-ston.",William Houstoun,"Houston Street takes its name from William Houstoun, a Georgia lawyer and early American statesman. The street became a major east-west dividing line in Manhattan, and its local pronunciation diverged from the Texas city.",https://upload.wikimedia.org/wikipedia/commons/thumb/b/bd/William_Houstoun_by_Archibald_Robertson%2C_1791.jpg/250px-William_Houstoun_by_Archibald_Robertson%2C_1791.jpg,https://en.wikipedia.org/wiki/William_Houstoun_(lawyer),Wikipedia,https://en.wikipedia.org/wiki/Houston_Street,0.91
street_name,canal street,Canal Street was built over the filled-in path of the polluted Collect Pond outflow canal.,,Canal Street was built over the filled-in path of the polluted Collect Pond outflow canal.,,,Wikipedia,https://en.wikipedia.org/wiki/Canal_Street_(Manhattan),0.86
street_name,delancey street,"Delancey Street is named for the De Lancey family, whose large colonial estate once covered much of the Lower East Side.",James De Lancey Sr.,"Delancey Street preserves the name of the De Lancey family, one of colonial New York's most powerful landowning dynasties. Their former estate shaped the early development pattern of the Lower East Side.",,https://en.wikipedia.org/wiki/James_De_Lancey,Wikipedia,https://en.wikipedia.org/wiki/Delancey_Street,0.89
street_name,chrystie street,"Chrystie Street is named for John Chrystie, a physician and landowner whose family held property in this part of Manhattan.",John Chrystie,"Chrystie Street recalls John Chrystie, an 18th-century physician and landowner associated with property on Manhattan's east side. The street later became a major corridor in Lower East Side transportation planning.",,https://en.wikipedia.org/wiki/John_Chrystie,Wikipedia,https://en.wikipedia.org/wiki/Chrystie_Street,0.84
street_name,bleecker street,"Bleecker Street is named for Anthony Lispenard Bleecker, a banker, merchant, and member of a prominent old New York family.",Anthony Lispenard Bleecker,"Bleecker Street takes its name from Anthony Lispenard Bleecker, whose family was deeply tied to Manhattan real estate and commerce. The street later became identified with Greenwich Village's literary and musical life.",https://upload.wikimedia.org/wikipedia/commons/7/7d/Anthony_L._Bleecker%2C_merchant.jpg,https://en.wikipedia.org/wiki/Anthony_Lispenard_Bleecker,Wikipedia,https://en.wikipedia.org/wiki/Bleecker_Street,0.9
street_name,stuyvesant street,Stuyvesant Street is one of the few Manhattan streets that still preserves a pre-grid alignment from the Dutch and early republic city.,,Stuyvesant Street is one of the few Manhattan streets that still preserves a pre-grid alignment from the Dutch and early republic city.,,,Wikipedia,https://en.wikipedia.org/wiki/Stuyvesant_Street,0.87
street_name,lafayette street,"Lafayette Street honors the Marquis de Lafayette, the French aristocrat who became a hero of the American Revolution.",Marquis de Lafayette,"Lafayette Street is named for Gilbert du Motier, Marquis de Lafayette, whose support for the American Revolution made him one of the most celebrated foreign allies in U.S. history. The street's name reflects 19th-century New York's reverence for Revolutionary figures.",https://upload.wikimedia.org/wikipedia/commons/thumb/3/3f/Gilbert_du_Motier_Marquis_de_Lafayette.PNG/250px-Gilbert_du_Motier_Marquis_de_Lafayette.PNG,https://en.wikipedia.org/wiki/Marquis_de_Lafayette,Wikipedia,https://en.wikipedia.org/wiki/Lafayette_Street,0.93
street_name,fulton street,"Fulton Street is named for Robert Fulton, the engineer and inventor best known for developing commercially successful steamboat service.",Robert Fulton,"Fulton Street honors Robert Fulton, whose work on steam-powered navigation reshaped transportation and commerce in the early republic. In New York, his name became attached to multiple major streets and transit corridors.",https://upload.wikimedia.org/wikipedia/commons/thumb/8/8b/Robert_Fulton_por_HOUDON%2C_Jean-Antoine_1803.jpg/250px-Robert_Fulton_por_HOUDON%2C_Jean-Antoine_1803.jpg,https://en.wikipedia.org/wiki/Robert_Fulton,Wikipedia,https://en.wikipedia.org/wiki/Fulton_Street_(Brooklyn),0.92
street_name,orchard street,Orchard Street remembers the orchard on the old De Lancey estate and later became a defining Lower East Side immigrant corridor.,The De Lancey estate orchard,"Orchard Street remembers the orchard on the old De Lancey estate that once occupied this part of Manhattan. Later it became one of the Lower East Side's most recognizable immigrant shopping and tenement corridors, linking the area's estate past to its dense immigrant cityscape.",,,Wikipedia,https://en.wikipedia.org/wiki/Orchard_Street,0.87
street_name,essex street,Essex Street became one of the Lower East Side's best-known commercial corridors after the subdivision of old estate land.,,"Essex Street was laid out as part of the post-Revolutionary subdivision of old estate land on Manhattan's east side. Over time it became one of the Lower East Side's best-known commercial corridors, especially in the neighborhood's Jewish immigrant era.",,,Wikipedia,https://en.wikipedia.org/wiki/Essex_Street,0.84
street_name,allen street,"Allen Street was dramatically widened in the 20th century, creating the broad median corridor that still slices through the Lower East Side.",,"Allen Street reads differently from many Lower East Side streets because it was dramatically widened in the 20th century, creating the broad median corridor that still slices through the neighborhood. Its history is more about urban redesign than about an especially famous namesake.",,,Wikipedia,https://en.wikipedia.org/wiki/Allen_Street,0.8
street_name,rivington street,"Rivington Street is named for James Rivington, the controversial Loyalist printer and publisher of the Royal Gazette during the Revolutionary era.",James Rivington,"Rivington Street preserves the name of James Rivington, a printer remembered for publishing a prominent Loyalist newspaper during the American Revolution. The survival of the name reflects the layered and sometimes contradictory memory of old New York.",https://upload.wikimedia.org/wikipedia/commons/thumb/a/ab/James_Rivington_Sr._%28ca._1724%E2%80%931802%29_1858_83.jpeg/250px-James_Rivington_Sr._%28ca._1724%E2%80%931802%29_1858_83.jpeg,https://en.wikipedia.org/wiki/James_Rivington,Wikipedia,https://en.wikipedia.org/wiki/Rivington_Street,0.88
street_name,ludlow street,Ludlow Street grew out of former De Lancey estate land and later became a defining Lower East Side nightlife corridor.,,Ludlow Street was built on land that had once been part of the De Lancey estate and later became one of the Lower East Side's best-known nightlife and music corridors. The street's history is a good example of old estate geography turning into dense urban culture.,,,Wikipedia,https://en.wikipedia.org/wiki/Ludlow_Street,0.79
street_name,bedford avenue,Bedford Avenue follows one of Brooklyn's older roadway alignments and eventually became the borough's longest continuous street.,,"Bedford Avenue preserves one of Brooklyn's older road alignments and later became the borough's longest continuous street. In north Brooklyn it functions as a historical spine, linking older village routes to the 19th-century expansion of Williamsburg, Greenpoint, and beyond.",,https://en.wikipedia.org/wiki/Bedford_Avenue,Wikipedia,https://en.wikipedia.org/wiki/Bedford_Avenue,0.84
street_name,metropolitan avenue,"Metropolitan Avenue began as the Williamsburgh and Jamaica Turnpike, an early 19th-century toll road.",,"Metropolitan Avenue began as the Williamsburgh and Jamaica Turnpike, an early 19th-century toll road that predated the surrounding neighborhood grid. Its historical importance comes from that transportation role: it was a through-route across Brooklyn and Queens before most of the blocks around it were urbanized.",,https://en.wikipedia.org/wiki/Metropolitan_Avenue,Wikipedia,https://en.wikipedia.org/wiki/Metropolitan_Avenue,0.9
street_name,grand street,Grand Street was early Williamsburg's main east-west commercial street and helped organize the neighborhood's north and south numbering system.,,Grand Street was early Williamsburg's main east-west commercial street and helped organize the neighborhood's north and south numbering system.,,,Wikipedia,https://en.wikipedia.org/wiki/Grand_Street_and_Grand_Avenue,0.84
street_name,manhattan avenue,Manhattan Avenue points back to Manhattan and became Greenpoint's main shopping spine.,Manhattan,"Manhattan Avenue takes its name from the island across the East River, signaling the commercial pull Manhattan exerted on Greenpoint's growth. Over time the avenue became Greenpoint's main shopping street and a central corridor for the neighborhood's Polish community.",,https://en.wikipedia.org/wiki/Manhattan_Avenue_(Brooklyn),Wikipedia,https://en.wikipedia.org/wiki/Manhattan_Avenue_(Brooklyn),0.81
street_name,nassau avenue,Nassau Avenue carries a Dutch dynastic name and became one of Greenpoint's main east-west corridors.,House of Nassau,"Nassau Avenue carries a Dutch dynastic name taken from the House of Nassau, reinforcing the colonial vocabulary that still surfaces across Brooklyn's street map. In Greenpoint it became a major east-west route as farmland gave way to rowhouses, factories, and working waterfront blocks.",,https://en.wikipedia.org/wiki/House_of_Nassau,Wikipedia,https://en.wikipedia.org/wiki/House_of_Nassau,0.77
street_name,franklin street,Franklin Street takes a Revolutionary-era civic name and became one of the routes that helped open Greenpoint to urban growth.,Benjamin Franklin,Franklin Street carries the name of Benjamin Franklin and became especially important once Neziah Bliss opened a public turnpike along this corridor in 1839. That route helped convert Greenpoint from a sparsely settled peninsula into an urban waterfront district.,,,Wikipedia,"https://en.wikipedia.org/wiki/Greenpoint,_Brooklyn",0.83
street_name,leonard street,Leonard Street is part of the inland Greenpoint grid that filled in after Neziah Bliss surveyed and urbanized the neighborhood in the 1830s.,,Leonard Street is part of the inland Greenpoint grid that filled in after Neziah Bliss surveyed and urbanized the neighborhood in the 1830s.,,,Wikipedia,https://en.wikipedia.org/wiki/Greenpoint,_Brooklyn
street_name,eckford street,Eckford Street recalls shipbuilder Henry Eckford and runs through one of Greenpoint's old industrial districts.,Henry Eckford,"Eckford Street preserves the name of Henry Eckford, the celebrated early American shipbuilder. The street later passed through Greenpoint's manufacturing belt, where factories like Union Porcelain Works made the area one of Brooklyn's most heavily industrial neighborhoods.",,,Wikipedia,https://en.wikipedia.org/wiki/Henry_Eckford,0.86
street_name,mcguinness boulevard,"McGuinness Boulevard is named for Peter J. McGuinness, a Brooklyn politician and civic figure associated with Irish-American public life in the borough.",Peter J. McGuinness,"McGuinness Boulevard commemorates Peter J. McGuinness, a longtime Brooklyn political leader. The boulevard later became one of north Brooklyn's major traffic corridors, linking Greenpoint more directly to the wider city.",,,Wikipedia,https://en.wikipedia.org/wiki/McGuinness_Boulevard,0.82
street_name,newel street,Newel Street belongs to the inland Greenpoint grid laid out as farms gave way to 19th-century urban blocks.,,Newel Street is less about a famous namesake than about the process that made Greenpoint. Streets like this mark the subdivision of the old farming peninsula into a regular urban grid as industry and housing spread inland from the waterfront.,,,Wikipedia,"https://en.wikipedia.org/wiki/Greenpoint,_Brooklyn",0.73
street_name,diamond street,Diamond Street is part of the inland Greenpoint grid that expanded eastward with the neighborhood's industrial growth.,,"Diamond Street reflects the eastward spread of Greenpoint's 19th-century street grid as factories, worker housing, and commercial blocks filled in the neighborhood. Its significance comes more from that development pattern than from a famous namesake.",,,Wikipedia,"https://en.wikipedia.org/wiki/Greenpoint,_Brooklyn",0.72
street_name,russell street,"Russell Street now marks one edge of McGolrick Park, reflecting how Greenpoint's street grid and parkland were fixed during the neighborhood's late 19th-century growth.",,"Russell Street now marks one edge of McGolrick Park, reflecting how Greenpoint's street grid and parkland were fixed during the neighborhood's late 19th-century growth.",,,Wikipedia,https://en.wikipedia.org/wiki/McGolrick_Park,0.74
street_name,monitor street,"Monitor Street references the Civil War ironclad USS Monitor, built nearby in the Bushwick Creek shipbuilding zone.",USS Monitor,"Monitor Street takes its name from the USS Monitor, the ironclad warship built nearby in Greenpoint. It is one of the clearest reminders in the local street map that north Brooklyn was once a serious center of shipbuilding and marine industry.",,,Wikipedia,https://en.wikipedia.org/wiki/USS_Monitor,0.88
street_name,kingsland avenue,Kingsland Avenue preserves an old family name on Greenpoint's eastern industrial edge near Newtown Creek.,The Kingsland family,"Kingsland Avenue carries a family name rooted in older Brooklyn landholding and sits close to the heavy industrial landscape of Newtown Creek. It marks the part of Greenpoint where the neighborhood's street grid met foundries, yards, and the environmental consequences of long industrial use.",,,Wikipedia,"https://en.wikipedia.org/wiki/Greenpoint,_Brooklyn",0.76
street_name,sutton street,Sutton Street is one of the residential cross streets added as Greenpoint's eastern blocks filled in during the neighborhood's 19th-century expansion.,,Sutton Street is one of the residential cross streets added as Greenpoint's eastern blocks filled in during the neighborhood's 19th-century expansion.,,,Wikipedia,https://en.wikipedia.org/wiki/Greenpoint,_Brooklyn
street_name,morgan avenue,Morgan Avenue sits on Greenpoint's eastern edge near the old industrial belt tied to Newtown Creek and later manufacturing growth.,,Morgan Avenue sits on Greenpoint's eastern edge near the old industrial belt tied to Newtown Creek and later manufacturing growth.,,,Wikipedia,https://en.wikipedia.org/wiki/Greenpoint,_Brooklyn
street_name,hausman street,"Hausman Street marks the far eastern side of the Nassau Avenue stretch in Greenpoint, close to the neighborhood's old industrial lands near Newtown Creek.",,"Hausman Street marks the far eastern side of the Nassau Avenue stretch in Greenpoint, close to the neighborhood's old industrial lands near Newtown Creek.",,,Wikipedia,https://en.wikipedia.org/wiki/Greenpoint,_Brooklyn
street_name,wythe avenue,"Wythe Avenue is named for George Wythe, a Virginia jurist, Declaration signer, and one of the early republic's most respected legal educators.",George Wythe,"Wythe Avenue honors George Wythe, an influential lawyer, judge, and signer of the Declaration of Independence. In Williamsburg, the avenue became part of the industrial waterfront grid before later transforming into a major corridor of post-industrial redevelopment.",,,Wikipedia,https://en.wikipedia.org/wiki/George_Wythe,0.84
street_name,kent avenue,Kent Avenue is named for Edward Augustus Kent and traces Williamsburg's old industrial East River waterfront.,Edward Augustus Kent,"Kent Avenue carries the name of Edward Augustus Kent and runs along one of Williamsburg's most historically industrial corridors. Sugar refining, shipping, warehouses, and later redevelopment all layered themselves onto this same East River edge.",,,Wikipedia,https://en.wikipedia.org/wiki/Kent_Avenue,0.83
street_name,berry street,Berry Street is named for John Berry and belongs to the northward extension of Williamsburg's 19th-century street grid.,John Berry,Berry Street commemorates John Berry and reflects Williamsburg's expansion beyond its early ferry-centered core. Streets like this one mark the northward push of the neighborhood's residential and commercial buildout in the 19th century.,,,Wikipedia,"https://en.wikipedia.org/wiki/Williamsburg,_Brooklyn",0.72
street_name,roebling street,Roebling Street recalls the bridge-building family behind some of Brooklyn's most famous suspension spans.,The Roebling family,"Roebling Street preserves the name most associated with the family of engineers behind the Brooklyn Bridge and other major suspension bridges. In Williamsburg it sits inside the old industrial waterfront grid, where engineering, manufacturing, and transport history all overlap.",,,Wikipedia,https://en.wikipedia.org/wiki/John_A._Roebling,0.82
street_name,driggs avenue,"Driggs Avenue is one of the diagonal-to-grid transition corridors in Williamsburg, running through blocks shaped by the neighborhood's 19th-century expansion.",,"Driggs Avenue is one of the diagonal-to-grid transition corridors in Williamsburg, running through blocks shaped by the neighborhood's 19th-century expansion.",,,Wikipedia,https://en.wikipedia.org/wiki/Williamsburg,_Brooklyn
street_name,union avenue,Union Avenue became a major spine in Williamsburg and later formed part of the route toward the old Broadway ferry and inland industrial blocks.,,Union Avenue became a major spine in Williamsburg and later formed part of the route toward the old Broadway ferry and inland industrial blocks.,,,Wikipedia,https://en.wikipedia.org/wiki/Williamsburg,_Brooklyn
street_name,lorimer street,Lorimer Street runs through the residential heart of Williamsburg's late 19th-century expansion grid.,,Lorimer Street belongs to the 19th-century street grid that turned Williamsburg from a ferry-adjacent settlement into a dense urban neighborhood. Its significance comes less from a famous namesake than from the way it marks the area's residential build-out between older waterfront routes and inland industry.,,,Wikipedia,https://en.wikipedia.org/wiki/Williamsburg,0.75
street_name,graham avenue,"Graham Avenue became one of Williamsburg's defining immigrant commercial corridors, especially for the neighborhood's Italian community.",,"Graham Avenue became one of Williamsburg's defining commercial streets, especially for the neighborhood's Italian community. Its history is carried less by a single namesake than by the immigrant storefront life that made it one of north Brooklyn's best-known local corridors.",,,Wikipedia,https://en.wikipedia.org/wiki/Graham_Avenue_(BMT_Canarsie_Line),0.82
street_name,north 6 street,North 6 Street is part of the numbered street system laid out during Williamsburg's 19th-century north-side expansion.,,North 6 Street is part of the numbered street system laid out during Williamsburg's 19th-century north-side expansion.,,,Wikipedia,https://en.wikipedia.org/wiki/Williamsburg,_Brooklyn
street_name,north 7 street,"North 7 Street belongs to Williamsburg's numbered street grid, created as the village expanded beyond its original waterfront core.",,"North 7 Street belongs to Williamsburg's numbered street grid, created as the village expanded beyond its original waterfront core.",,,Wikipedia,https://en.wikipedia.org/wiki/Williamsburg,_Brooklyn
street_name,greenpoint avenue,Greenpoint Avenue takes its name directly from the neighborhood and became one of its defining east-west connectors.,Greenpoint,"Greenpoint Avenue is named for the neighborhood itself and works as one of its clearest organizing streets. It ties the East River side of Greenpoint to the old inland industrial belt near Newtown Creek, linking residential and factory histories in a single corridor.",,,Wikipedia,https://en.wikipedia.org/wiki/Greenpoint_Avenue_(Brooklyn),0.84
place_name,union square,Union Square developed at the junction of Bloomingdale Road and the Bowery Road and later became one of New York's best-known civic gathering places.,,Union Square developed at the junction of Bloomingdale Road and the Bowery Road and later became one of New York's best-known civic gathering places.,,,Wikipedia,https://en.wikipedia.org/wiki/Union_Square,_Manhattan
place_name,union square park,"Union Square Park opened in 1839 and became a long-running civic gathering ground, from the first Labor Day parade in 1882 to later protests and rallies.",,"Union Square Park opened in 1839 and became a long-running civic gathering ground, from the first Labor Day parade in 1882 to later protests and rallies.",,,NYC Parks,https://www.nycgovparks.org/parks/union-square-park/history,0.9
place_name,washington square park,Washington Square Park began as a potter's field and parade ground before becoming one of Greenwich Village's defining public spaces.,,Washington Square Park began as a potter's field and parade ground before becoming one of Greenwich Village's defining public spaces.,,,Wikipedia,https://en.wikipedia.org/wiki/Washington_Square_Park,0.88
place_name,city hall park,City Hall Park is one of Manhattan's oldest civic spaces and has served as a public commons since the colonial era.,,City Hall Park is one of Manhattan's oldest civic spaces and has served as a public commons since the colonial era.,,,Wikipedia,https://en.wikipedia.org/wiki/City_Hall_Park,0.83
place_name,madison square park,Madison Square Park occupies part of the old Madison Cottage and parade-ground district that gave the square its name.,,Madison Square Park occupies part of the old Madison Cottage and parade-ground district that gave the square its name.,,,Wikipedia,https://en.wikipedia.org/wiki/Madison_Square_Park,0.8
place_name,bryant park,"Bryant Park stands on the former site of the Croton Distributing Reservoir, once a major piece of New York's 19th-century water system.",,"Bryant Park stands on the former site of the Croton Distributing Reservoir, once a major piece of New York's 19th-century water system.",,,Wikipedia,https://en.wikipedia.org/wiki/Bryant_Park,0.87
place_name,times square,Times Square took its modern name in 1904 when The New York Times moved its headquarters to the new Times Building.,,Times Square took its modern name in 1904 when The New York Times moved its headquarters to the new Times Building.,,,Wikipedia,https://en.wikipedia.org/wiki/Times_Square,0.9
place_name,columbus circle,Columbus Circle was laid out in 1905 as a major traffic circle and monument site at the southwest corner of Central Park.,,Columbus Circle was laid out in 1905 as a major traffic circle and monument site at the southwest corner of Central Park.,,,Wikipedia,https://en.wikipedia.org/wiki/Columbus_Circle,0.76
place_name,brooklyn bridge,"When it opened in 1883, the Brooklyn Bridge was the world's longest suspension bridge and a defining feat of New York engineering.",,"When it opened in 1883, the Brooklyn Bridge was the world's longest suspension bridge and a defining feat of New York engineering.",,,Wikipedia,https://en.wikipedia.org/wiki/Brooklyn_Bridge,0.91
place_name,south street seaport,South Street Seaport preserves part of the old East River waterfront where New York grew into a major 19th-century port city.,,South Street Seaport preserves part of the old East River waterfront where New York grew into a major 19th-century port city.,,,Wikipedia,https://en.wikipedia.org/wiki/South_Street_Seaport,0.84
place_name,mccarren park,McCarren Park was assembled between 1903 and 1905 on land near an old Bushwick Inlet tributary and later became a shared park for Williamsburg and Greenpoint.,,McCarren Park was assembled between 1903 and 1905 on land near an old Bushwick Inlet tributary and later became a shared park for Williamsburg and Greenpoint.,,,Wikipedia,https://en.wikipedia.org/wiki/McCarren_Park,0.86
place_name,domino park,Domino Park opened in 2018 on the former Domino Sugar Refinery site and keeps salvaged machinery visible as a reminder of Williamsburg's industrial waterfront.,,Domino Park opened in 2018 on the former Domino Sugar Refinery site and keeps salvaged machinery visible as a reminder of Williamsburg's industrial waterfront.,,,Wikipedia,https://en.wikipedia.org/wiki/Domino_Park,0.82
place_name,williamsburg bridge,"Completed in 1903, the Williamsburg Bridge briefly held the world's longest suspension span and permanently tied the Lower East Side to Brooklyn's growth.",,"Completed in 1903, the Williamsburg Bridge briefly held the world's longest suspension span and permanently tied the Lower East Side to Brooklyn's growth.",,,Wikipedia,https://en.wikipedia.org/wiki/Williamsburg_Bridge,0.9
place_name,transmitter park,"Transmitter Park sits on a former WNYC radio transmission site on Greenpoint's waterfront, keeping the neighborhood's industrial and broadcasting history visible.",,"Transmitter Park sits on a former WNYC radio transmission site on Greenpoint's waterfront, keeping the neighborhood's industrial and broadcasting history visible.",,,Wikipedia,https://en.wikipedia.org/wiki/Transmitter_Park,0.84
place_name,bushwick inlet park,"Bushwick Inlet Park occupies part of a waterfront long defined by shipbuilding, fuel depots, and heavy industry at the north edge of Williamsburg.",,"Bushwick Inlet Park occupies part of a waterfront long defined by shipbuilding, fuel depots, and heavy industry at the north edge of Williamsburg.",,,Wikipedia,https://en.wikipedia.org/wiki/Bushwick_Inlet_Park,0.79
place_name,mcgolrick park,McGolrick Park opened in 1891 as Winthrop Park and became one of Greenpoint's major landscaped squares during the neighborhood's late 19th-century growth.,,McGolrick Park opened in 1891 as Winthrop Park and became one of Greenpoint's major landscaped squares during the neighborhood's late 19th-century growth.,,,Wikipedia,https://en.wikipedia.org/wiki/McGolrick_Park,0.85
place_name,domino sugar refinery,The Domino Sugar Refinery became one of Williamsburg's defining industrial landmarks and for decades was among the largest sugar refineries in the world.,,The Domino Sugar Refinery became one of Williamsburg's defining industrial landmarks and for decades was among the largest sugar refineries in the world.,,,Wikipedia,https://en.wikipedia.org/wiki/Domino_Sugar_Refinery,0.9
street_name,withers street,"Withers Street is named for Reuben Withers, a 19th-century merchant and ferry investor connected to the growth of north Brooklyn.",Reuben Withers,"Withers Street is widely understood to commemorate Reuben Withers, a businessman linked to the Houston Street Ferry and to the commercial world that helped shape 19th-century Williamsburg. The name fits a north Brooklyn pattern of honoring merchants, landholders, and ferry interests rather than abstract ideals.",,,Greenpointers,https://greenpointers.com/2019/01/25/where-do-the-names-of-williamsburg-streets-come-from/,0.73
street_name,mercer street,Mercer Street honors Revolutionary War general Hugh Mercer and later became part of SoHo's cast-iron district.,Hugh Mercer,"Mercer Street is named for Hugh Mercer, the Scottish-born physician and Revolutionary War general killed at the Battle of Princeton. In Manhattan the street later became part of the industrial and commercial district now known for SoHo's cast-iron architecture.",,https://en.wikipedia.org/wiki/Hugh_Mercer,Wikipedia,https://en.wikipedia.org/wiki/Hugh_Mercer,0.9
street_name,humboldt street,"Humboldt Street is named for Alexander von Humboldt, the Prussian naturalist whose global reputation reached far beyond Europe.",Alexander von Humboldt,"Humboldt Street honors Alexander von Humboldt, the scientist and explorer whose writings shaped 19th-century ideas about geography, ecology, and empire. The name reflects Williamsburg's habit of giving parts of its street grid cultured, international references rather than relying only on numbers.",,,Wikipedia,https://en.wikipedia.org/wiki/Alexander_von_Humboldt,0.92
street_name,clinton street,"Clinton Street is named for DeWitt Clinton, the powerful New York politician most associated with the Erie Canal era.",DeWitt Clinton,"Clinton Street preserves the name of DeWitt Clinton, one of the most influential New York politicians of the early republic and a driving force behind the Erie Canal. On the Lower East Side the name ties a dense immigrant neighborhood to the state-building ambitions of 19th-century New York.",,,Wikipedia,https://en.wikipedia.org/wiki/DeWitt_Clinton,0.9
street_name,suffolk street,"Suffolk Street carries an English county name, part of a broader naming pattern on Manhattan's east side.",Suffolk,"Suffolk Street uses a British place name, a reminder that parts of Manhattan's old street map preserved English county references even after the Revolution. The street later became embedded in the dense immigrant geography of the Lower East Side.",,,Wikipedia,"https://en.wikipedia.org/wiki/Suffolk_County,_England",0.71
street_name,norfolk street,"Norfolk Street also carries an English county name, fitting the old Lower East Side pattern of borrowed place names.",Norfolk,"Norfolk Street belongs to the same naming pattern as nearby Suffolk and Essex Streets, where English place names were carried into Manhattan's expanding grid. Over time the street became part of the Lower East Side's dense immigrant residential fabric.",,,Wikipedia,https://en.wikipedia.org/wiki/Norfolk,0.7
street_name,ridge street,Ridge Street likely recalls the old topography of Manhattan's east side before the island was fully graded and leveled.,An old Manhattan ridge line,"Ridge Street appears to preserve a topographic memory from pre-grid Manhattan, when the island still had visible rises and irregular ground before large-scale grading. That kind of name is a useful reminder that the Lower East Side once had a more uneven landscape than the street wall suggests today.",,,Wikipedia,https://en.wikipedia.org/wiki/Lower_East_Side,0.63
street_name,stanton street,Stanton Street is named for one of the old landowning families whose names survive in the Lower East Side street map.,The Stanton family,Stanton Street reflects the way private landholding families left their names on Manhattan's east side as estates were divided into urban lots. The street later became part of the crowded immigrant city that overlaid those earlier ownership patterns.,,,Wikipedia,https://en.wikipedia.org/wiki/Lower_East_Side,0.65
street_name,avenue a,Avenue A belongs to the simple lettered naming system that organized much of the East Village and Alphabet City.,The east-side alphabet grid,Avenue A is part of the alphabetized east-side grid that distinguished this section of Manhattan from the numbered avenues farther west. Its plain name says a lot about how the city shifted from estate land into a rationalized urban plan.,,,Wikipedia,https://en.wikipedia.org/wiki/Avenue_A_(Manhattan),0.82
street_name,avenue b,Avenue B continues the alphabetized street system that gave Alphabet City its modern nickname.,The east-side alphabet grid,"Avenue B is one of the lettered avenues that gave Alphabet City its identity. The name is functional rather than commemorative, but it captures the way this part of Manhattan was laid out through a systematic urban grid instead of older estate or family naming.",,,Wikipedia,https://en.wikipedia.org/wiki/Avenue_B_(Manhattan),0.82
street_name,avenue c,"Avenue C is part of the East Village's alphabetized avenue system, a simple naming scheme that became a neighborhood identity.",The east-side alphabet grid,"Avenue C belongs to Manhattan's east-side lettered avenue system, where a minimal naming convention eventually became a strong neighborhood brand. Its history is less about a namesake than about the logic of city planning and later immigrant and artistic life.",,,Wikipedia,https://en.wikipedia.org/wiki/Avenue_C_(Manhattan),0.81
street_name,avenue d,Avenue D marks the eastern edge of the alphabetized avenue system closest to the East River.,The east-side alphabet grid,"Avenue D sits on the East River side of the East Village's alphabet grid and historically read as the neighborhood's outer edge. Like the other lettered avenues, its name reflects urban planning logic more than commemoration.",,,Wikipedia,https://en.wikipedia.org/wiki/Avenue_D_(Manhattan),0.8
street_name,calyer street,Calyer Street preserves one of the family names embedded in Greenpoint's 19th-century street grid.,The Calyer family,"Calyer Street keeps a local family name in the Greenpoint grid, where streets often preserve traces of landowners and early residents from the neighborhood's transition out of farmland. The surrounding area later filled with housing and small industry tied to the waterfront economy.",,,Wikipedia,"https://en.wikipedia.org/wiki/Greenpoint,_Brooklyn",0.68
street_name,meserole avenue,Meserole Avenue carries the Meserole family name and runs through one of Greenpoint's old industrial-residential edges.,The Meserole family,"Meserole Avenue preserves a long-established Brooklyn family name and cuts through the part of Greenpoint where rowhouses, industrial lots, and later apartment construction all overlap. It is one of the streets that still signals the neighborhood's older family and landholding history.",,,Wikipedia,"https://en.wikipedia.org/wiki/Greenpoint,_Brooklyn",0.74
street_name,banker street,Banker Street preserves another local family name inside Greenpoint's waterfront-era street grid.,The Banker family,"Banker Street reflects the pattern of family-name streets that persisted as Greenpoint urbanized in the 19th century. The name now survives in a neighborhood better known for factories, warehouses, and more recent residential redevelopment.",,,Wikipedia,"https://en.wikipedia.org/wiki/Greenpoint,_Brooklyn",0.67
street_name,india street,India Street uses a global trade name that fits Greenpoint's East River and maritime context.,India,"India Street is one of the place-name streets near Greenpoint's waterfront that evoke maritime trade and outward-looking commerce. The name fits a neighborhood historically tied to shipping, ferries, and the East River economy.",,,Wikipedia,https://en.wikipedia.org/wiki/India,0.69
street_name,java street,"Java Street uses another global place name, echoing the waterfront trade geography that shaped north Brooklyn.",Java,"Java Street pairs with nearby India Street as part of a naming pattern that gestures beyond Brooklyn to global geography. In a waterfront district shaped by shipping and trade, those names carried a broader mercantile imagination into the local street map.",,,Wikipedia,https://en.wikipedia.org/wiki/Java,0.69
street_name,dupont street,Dupont Street carries a family name within Greenpoint's 19th-century grid and later industrial landscape.,The DuPont family,"Dupont Street preserves a family name in the part of Greenpoint where the neighborhood's urban grid met factories, workshops, and later apartment construction. Like several nearby streets, its significance comes from how older naming patterns survived industrialization.",,,Wikipedia,"https://en.wikipedia.org/wiki/Greenpoint,_Brooklyn",0.67
street_name,norman avenue,Norman Avenue is part of Greenpoint's inland street grid near the neighborhood's industrial belt.,The Norman family,"Norman Avenue sits closer to Greenpoint's industrial interior than its riverfront edge. The avenue marks the part of the neighborhood where family-name streets, worker housing, and manufacturing uses all came together in the late 19th and early 20th centuries.",,,Wikipedia,"https://en.wikipedia.org/wiki/Greenpoint,_Brooklyn",0.66
street_name,meeker avenue,Meeker Avenue is named for the Meeker family and became a major connector on Greenpoint's southern edge.,The Meeker family,Meeker Avenue preserves another old family name while also functioning as a major transportation corridor near Greenpoint's southern boundary. Its present form reflects the neighborhood's later accommodation to heavier traffic and industrial movement.,,,Wikipedia,https://en.wikipedia.org/wiki/Meeker_Avenue,0.74
street_name,devoe street,Devoe Street preserves a family name in the Williamsburg grid west of Bushwick Avenue.,The Devoe family,"Devoe Street is one of the family-name streets that survived as Williamsburg expanded from ferry village to dense industrial city neighborhood. It sits in the part of the grid where residential blocks, churches, and small manufacturing all developed side by side.",,,Wikipedia,"https://en.wikipedia.org/wiki/Williamsburg,_Brooklyn",0.67
street_name,scholes street,"Scholes Street is part of Williamsburg's inland grid, where old family names and later urban growth overlap.",The Scholes family,"Scholes Street belongs to the inland Williamsburg street system that filled in after the neighborhood's early ferry-centered phase. Like many nearby streets, it preserves a family name while the surrounding blocks reflect later industrial and residential growth.",,,Wikipedia,"https://en.wikipedia.org/wiki/Williamsburg,_Brooklyn",0.65
street_name,havemeyer street,Havemeyer Street preserves one of the names associated with Brooklyn's sugar-refining world.,The Havemeyer family,"Havemeyer Street keeps a name strongly associated with Brooklyn sugar refining and the industrial wealth tied to it. In Williamsburg, the name fits the broader story of how refinery capital, family influence, and waterfront industry shaped the neighborhood.",,,Wikipedia,https://en.wikipedia.org/wiki/Havemeyer_family,0.79
street_name,debevoise avenue,DeBevoise Avenue preserves another old Brooklyn family name in the interior Williamsburg and Bushwick grid.,The DeBevoise family,DeBevoise Avenue keeps a family name rooted in the older Dutch and post-Dutch history of Brooklyn. The avenue now reads as part of the inland grid that tied Williamsburg and Bushwick together as both neighborhoods urbanized in the 19th century.,,,Wikipedia,"https://en.wikipedia.org/wiki/Bushwick,_Brooklyn",0.7
street_name,keap street,Keap Street preserves a family name from Brooklyn's older landholding and mercantile world.,The Keap family,Keap Street belongs to a cluster of Williamsburg streets that preserve family names from the borough's earlier landholding and commercial history. The street later became part of the dense urban grid built out as north Brooklyn industrialized.,,,Wikipedia,"https://en.wikipedia.org/wiki/Williamsburg,_Brooklyn",0.68
street_name,hewes street,Hewes Street reflects the family-name pattern that still shapes much of Williamsburg's street map.,The Hewes family,"Hewes Street is another reminder that Williamsburg's grid did not emerge from numbers alone. Family names like this remained attached to the blocks even as the area filled with working-class housing, factories, and later subway infrastructure.",,,Wikipedia,"https://en.wikipedia.org/wiki/Williamsburg,_Brooklyn",0.66
street_name,cook street,Cook Street belongs to the inland Williamsburg grid where family-name streets survived later industrial and residential growth.,The Cook family,"Cook Street sits within the more inland section of Williamsburg, where the street grid absorbed later manufacturing, housing, and church construction. Its name reflects the persistence of an older family-name pattern inside a rapidly urbanizing neighborhood.",,,Wikipedia,"https://en.wikipedia.org/wiki/Williamsburg,_Brooklyn",0.65
street_name,engert avenue,Engert Avenue recalls the brewing-era name of George Ehret and the industrial north Brooklyn landscape around the old brewery zone.,George Ehret,"Engert Avenue preserves the name of George Ehret, whose brewery empire shaped part of north Brooklyn's industrial history. The avenue still reads as part of the infrastructure and warehouse belt that formed around brewing, rail, and manufacturing.",,,Wikipedia,https://en.wikipedia.org/wiki/George_Ehret,0.78
place_name,tompkins square park,"Tompkins Square Park became one of Manhattan's most charged public spaces, remembered for labor unrest, immigrant politics, and later counterculture history.",Daniel D. Tompkins,"Tompkins Square Park is named for Daniel D. Tompkins and has long been one of Manhattan's most politically loaded public spaces. The site has been linked to immigrant neighborhoods, labor conflict, protest, and the East Village counterculture in different eras.",,,Wikipedia,https://en.wikipedia.org/wiki/Tompkins_Square_Park,0.9
place_name,seward park,"Seward Park was the first permanent municipal playground in the United States, opened in 1903 on the Lower East Side.",William H. Seward,Seward Park honors William H. Seward and is historically significant as the site of the first permanent municipal playground in the United States. Its creation reflects Progressive Era concern with public recreation in one of the city's most crowded immigrant districts.,,,Wikipedia,https://en.wikipedia.org/wiki/Seward_Park_(Manhattan),0.91
place_name,essex market,Essex Market grew out of the city's effort to regulate pushcart commerce on the Lower East Side and became a long-running public market institution.,Essex Street,Essex Market emerged from Progressive Era attempts to move informal street vending into regulated indoor public markets. It remains one of the clearest surviving links to the Lower East Side's immigrant food economy and municipal reform history.,,,Wikipedia,https://en.wikipedia.org/wiki/Essex_Market,0.88
place_name,tenement museum,The Tenement Museum interprets immigrant working-class life through preserved Lower East Side apartment buildings.,97 Orchard Street,"The Tenement Museum uses restored tenement buildings to tell the story of immigrant, working-class, and migrant life on the Lower East Side. It is less an old civic monument than a deliberately preserved fragment of ordinary urban history.",,,Wikipedia,https://en.wikipedia.org/wiki/Tenement_Museum,0.9
place_name,marsha p. johnson state park,Marsha P. Johnson State Park sits on the Williamsburg waterfront and reuses former industrial land as public open space.,Marsha P. Johnson,Marsha P. Johnson State Park transforms part of Williamsburg's old industrial waterfront into public parkland while honoring one of the most important figures in New York's queer liberation history. The site joins waterfront redevelopment to a much more recent politics of memory and recognition.,,,Wikipedia,https://en.wikipedia.org/wiki/Marsha_P._Johnson_State_Park,0.89
place_name,grand ferry park,Grand Ferry Park marks the site of one of the East River ferry landings that helped make Williamsburg grow.,The Grand Street Ferry,"Grand Ferry Park preserves the memory of the old Grand Street Ferry, one of the transport links that made Williamsburg a viable commuting and industrial district before the great bridges took over. It is a small site, but a crucial one for understanding the neighborhood's early growth.",,,NYC Parks,https://www.nycgovparks.org/parks/grand-ferry-park/history,0.86
place_name,east river park,East River Park was built on landfill as part of a major 20th-century effort to reshape Manhattan's river edge for recreation.,The East River,"East River Park reflects a very different kind of New York history: not colonial estates or old ferries, but 20th-century waterfront engineering and public recreation planning. Its existence depends on large-scale landfill, highway, and park-building decisions along Manhattan's eastern edge.",,,Wikipedia,https://en.wikipedia.org/wiki/East_River_Park,0.84
place_name,newtown creek,Newtown Creek was one of the region's most heavily industrialized waterways and later one of its most polluted.,An older tidal creek landscape,"Newtown Creek sits at the core of north Brooklyn and western Queens industrial history. Refineries, chemical plants, shipyards, and fuel depots made it economically important and environmentally damaged, turning the creek into one of the city's sharpest examples of industrial afterlife.",,,Wikipedia,https://en.wikipedia.org/wiki/Newtown_Creek,0.92
place_name,cooper park,Cooper Park preserves one of the old open-space names in east Williamsburg and Bushwick's industrial-residential borderland.,Peter Cooper,"Cooper Park takes its name from Peter Cooper and serves as one of the older public open spaces near the Williamsburg-Bushwick edge. Its surrounding blocks show the overlap of rowhouses, factories, and later apartment construction that defined this part of Brooklyn.",,,Wikipedia,https://en.wikipedia.org/wiki/Cooper_Park_(Brooklyn),0.8
place_name,greenpoint historic district,The Greenpoint Historic District preserves blocks that show the neighborhood's late 19th-century residential and mercantile development.,Greenpoint,"The Greenpoint Historic District captures the neighborhood at the moment when industrial prosperity translated into rowhouses, storefronts, churches, and civic buildings. It is one of the best concentrated reminders that Greenpoint was both a factory district and a place of ambitious residential architecture.",,,Wikipedia,https://en.wikipedia.org/wiki/Greenpoint_Historic_District,0.87
place_name,east river state park,The former East River State Park helped open Williamsburg's industrial waterfront to public access before its renaming as Marsha P. Johnson State Park.,The East River,"East River State Park was an early stage in the public reuse of Williamsburg's industrial waterfront. Even before the later renaming, the site marked a major change in how the neighborhood's river edge was used and imagined.",,,Wikipedia,https://en.wikipedia.org/wiki/Marsha_P._Johnson_State_Park,0.77
street_name,mott street,Mott Street preserves the name of the Mott family and later became one of the defining streets of Chinatown and old Five Points Manhattan.,The Mott family,"Mott Street takes its name from the Mott family, one of the old New York families whose names were fixed into lower Manhattan's street map. Over time the street became identified less with elite naming and more with immigration, commerce, and the formation of Chinatown.",,https://en.wikipedia.org/wiki/Mott_Street,Wikipedia,https://en.wikipedia.org/wiki/Mott_Street,0.89
street_name,mulberry street,Mulberry Street likely took its name from mulberry trees in the area and later became one of the emblematic streets of old Little Italy.,Mulberry trees,"Mulberry Street likely preserves an early landscape name, recalling mulberry trees that once grew in the area before dense urban development took over. The street later became inseparable from the histories of Five Points, tenement New York, and Little Italy.",,https://en.wikipedia.org/wiki/Mulberry_Street_(Manhattan),Wikipedia,https://en.wikipedia.org/wiki/Mulberry_Street_(Manhattan),0.88
street_name,chambers street,"Chambers Street honors John Chambers, a colonial lawyer and New York politician.",John Chambers,"Chambers Street is named for John Chambers, an 18th-century lawyer and public official in colonial New York. Today the name survives in the civic center, where the street runs through one of the city's densest concentrations of courts, offices, and transit.",,,Wikipedia,https://en.wikipedia.org/wiki/John_Chambers_(New_York_politician),0.86
street_name,pearl street,Pearl Street follows the shoreline of old New Amsterdam and took its name from the shell-covered edge of the East River.,The old shell-covered shoreline,"Pearl Street is one of lower Manhattan's oldest streets and traces the line of the old East River shoreline of New Amsterdam. Its name refers to the oyster and shell deposits once found there, making it a rare street whose name preserves both landscape and deep colonial history.",,,Wikipedia,https://en.wikipedia.org/wiki/Pearl_Street_(Manhattan),0.93
street_name,maiden lane,Maiden Lane grew from a Dutch-era path and became one of lower Manhattan's long-running commercial streets.,A Dutch-era lane,"Maiden Lane survives from Dutch colonial New York and remains one of the old street names embedded in lower Manhattan's financial district. Its name carries a small-scale, old-city character that sharply predates the towers and institutions now surrounding it.",,,Wikipedia,https://en.wikipedia.org/wiki/Maiden_Lane_(Manhattan),0.84
street_name,beekman street,"Beekman Street keeps the name of the Beekman family, one of the old Dutch-descended families of New York.",The Beekman family,"Beekman Street preserves the name of the Beekman family, one of the elite colonial dynasties that stamped themselves onto Manhattan's map. The street is a direct reminder that lower Manhattan's modern landscape still sits on top of an older geography of estates, patronage, and family power.",,,Wikipedia,https://en.wikipedia.org/wiki/Beekman_family,0.88
street_name,jay street,"Jay Street honors John Jay, a founder, diplomat, and the first Chief Justice of the United States.",John Jay,"Jay Street is named for John Jay, one of the most important political figures of early New York and the early United States. In downtown Brooklyn the name ties today's office district and transit hub to the founding-era world of law, diplomacy, and statecraft.",,https://en.wikipedia.org/wiki/John_Jay,Wikipedia,https://en.wikipedia.org/wiki/John_Jay,0.92
street_name,court street,Court Street took its name from the civic and legal institutions that shaped downtown Brooklyn.,The old county courts,"Court Street reflects Brooklyn's historic role as a county and civic center, with courthouses and public institutions helping define the district. The name is functional rather than commemorative, but it captures the administrative core around which downtown Brooklyn developed.",,,Wikipedia,https://en.wikipedia.org/wiki/Court_Street_(Brooklyn),0.85
street_name,smith street,Smith Street preserves a common early Brooklyn family name and later became one of downtown Brooklyn's mixed commercial corridors.,The Smith family,"Smith Street likely reflects an old family-name pattern in Brooklyn's street grid, where early owners and residents left durable marks on the map. Over time the street evolved into a commercial corridor connecting Carroll Gardens, Boerum Hill, and downtown Brooklyn.",,,Wikipedia,https://en.wikipedia.org/wiki/Smith_Street_(Brooklyn),0.76
street_name,atlantic avenue,Atlantic Avenue was named for the Atlantic Ocean and became one of Brooklyn's major east-west commercial corridors.,The Atlantic Ocean,"Atlantic Avenue uses a broad maritime name that suited a port city oriented toward trade, shipping, and expansion. In Brooklyn it became one of the borough's most important cross-borough corridors, linking waterfront commerce to inland neighborhoods.",,,Wikipedia,https://en.wikipedia.org/wiki/Atlantic_Avenue_(New_York_City),0.88
street_name,old fulton street,"Old Fulton Street preserves the original route to the old Fulton Ferry, one of Brooklyn's most important pre-bridge transport links.",The Fulton Ferry,Old Fulton Street is named for the historic Fulton Ferry connection that tied Brooklyn to Manhattan before the Brooklyn Bridge transformed regional travel. The street remains one of the clearest surviving links to Brooklyn's ferry-era growth.,,https://en.wikipedia.org/wiki/Fulton_Ferry,Wikipedia,https://en.wikipedia.org/wiki/Fulton_Ferry,0.9
place_name,borough hall,Borough Hall is one of Brooklyn's oldest surviving civic buildings and a direct remnant of the borough's 19th-century political center.,The seat of Brooklyn government,"Borough Hall was built when Brooklyn was still an independent city, and it remains one of the clearest physical reminders of that era. The building anchors the civic identity of downtown Brooklyn and helps explain why so many surrounding streets carry legal and administrative names.",,,Wikipedia,https://en.wikipedia.org/wiki/Brooklyn_Borough_Hall,0.9
place_name,cadman plaza park,Cadman Plaza Park occupies part of downtown Brooklyn's civic core and honors the preacher S. Parkes Cadman.,S. Parkes Cadman,"Cadman Plaza Park reflects the large-scale remaking of downtown Brooklyn in the 20th century, when road projects and civic redesign transformed the old street fabric. Its name honors S. Parkes Cadman, a prominent Brooklyn minister and public figure.",,,Wikipedia,https://en.wikipedia.org/wiki/Cadman_Plaza,0.86
place_name,brooklyn heights promenade,The Brooklyn Heights Promenade was built atop the Brooklyn-Queens Expressway and became one of the city's best-known engineered overlooks.,Brooklyn Heights,"The Brooklyn Heights Promenade is less an old park than a piece of mid-20th-century urban infrastructure turned into public space. Its views are famous, but its existence also tells the story of highway construction, neighborhood preservation, and the remaking of Brooklyn's waterfront edge.",,,Wikipedia,https://en.wikipedia.org/wiki/Brooklyn_Heights_Promenade,0.88
street_name,utica avenue,"Utica Avenue was named in 1835 for the upstate city of Utica, part of a wave of Brooklyn streets honoring Erie Canal towns.",City of Utica,"Utica Avenue was named in 1835 alongside other avenues honoring upstate New York cities like Albany and Rochester, celebrating the Erie Canal's economic link between those regions and New York City. Its route followed old ridgelines through rural Flatbush before subway construction spurred dense urban growth.",,,Wikipedia,https://en.wikipedia.org/wiki/Utica_Avenue,0.85
street_name,nostrand avenue,"Nostrand Avenue is named for the Dutch settler family of Hans Hansen Von Norstrand, who arrived in Flatbush in 1638.",The Nostrand family,"Nostrand Avenue preserves the name of one of Brooklyn's earliest Dutch settler families. Hans Hansen Von Norstrand arrived in Flatbush in 1638, and the name derives from the Dutch words for 'north' and 'beach.' Originally called Nostrand Lane, the avenue has been open since 1840.",,,Wikipedia,https://en.wikipedia.org/wiki/Nostrand_Avenue,0.9
street_name,flatbush avenue,"Flatbush Avenue follows an old Native American footpath and takes its name from the Dutch 'Vlacke Bos,' meaning flat wooded land.",The Dutch settlement of Vlacke Bos,"Flatbush Avenue was built on a Native American trail later widened by Dutch settlers into a ferry road. The name comes from 'Vlacke Bos,' Dutch for a flat area with bushes. For much of the 19th century it operated as a plank toll road before being straightened to its current form in the late 1920s.",,,Wikipedia,https://en.wikipedia.org/wiki/Flatbush_Avenue,0.92
street_name,dekalb avenue,"DeKalb Avenue honors Baron Johann de Kalb, a German officer who died fighting for the Continental Army in the Revolution.",Baron Johann de Kalb,"DeKalb Avenue is named for the self-styled Baron Johann de Kalb, a German-born officer who served in the Continental Army and was killed at the Battle of Camden in 1780. The avenue runs from Ridgewood through Fort Greene to Downtown Brooklyn, passing landmarks like Fort Greene Park and the Pratt Institute.",,,Wikipedia,https://en.wikipedia.org/wiki/DeKalb_Avenue,0.9
street_name,myrtle avenue,Myrtle Avenue was named for the myrtle trees once plentiful in the area and first laid out in 1835.,Myrtle trees,"Myrtle Avenue was laid out in 1835 and named for the myrtle trees growing in the area. It later hosted horsecars, trolleys, and the infamous Myrtle Avenue El from 1888 to 1969. The avenue stretches over eight miles from Downtown Brooklyn through Fort Greene and Bed-Stuy into Queens.",,,Wikipedia,https://en.wikipedia.org/wiki/Myrtle_Avenue,0.85
street_name,flushing avenue,"Flushing Avenue began as the Brooklyn and Newtown Turnpike and takes its name from Flushing, itself from the Dutch city of Vlissingen.",Flushing (from Dutch Vlissingen),"Flushing Avenue opened between 1805 and 1850 as the Brooklyn and Newtown Turnpike, a toll road that curved through hilly terrain. Its name comes from Flushing in Queens, named for the Dutch port city of Vlissingen. Pfizer was founded on the avenue in 1849, and its western end sat beside the Brooklyn Navy Yard.",,,Wikipedia,https://en.wikipedia.org/wiki/Flushing_Avenue,0.88
street_name,marcy avenue,"Marcy Avenue is named for William L. Marcy, the NY governor who coined the phrase 'to the victor belong the spoils.'",William Learned Marcy,"Marcy Avenue honors William Learned Marcy, who served as U.S. Senator, Governor of New York, Secretary of War, and Secretary of State. He is best remembered for declaring 'to the victor belong the spoils,' giving the spoils system its name. The avenue was mapped in 1835 and runs through Williamsburg and Bed-Stuy.",,,Wikipedia,https://en.wikipedia.org/wiki/William_L._Marcy,0.9
street_name,gates avenue,"Gates Avenue is named for General Horatio Gates, the Continental Army commander who won the pivotal Battle of Saratoga in 1777.",Horatio Gates,"Gates Avenue honors Horatio Gates, the American general whose victory at the Battle of Saratoga in 1777 was a turning point in the Revolutionary War. The street is part of a broader Brooklyn pattern of naming avenues after Revolutionary War heroes.",,,Wikipedia,https://en.wikipedia.org/wiki/Horatio_Gates,0.85
street_name,halsey street,"Halsey Street is named for James M. Halsey, a property owner and real estate developer when the street was laid out in 1835.",James M. Halsey,"Halsey Street takes its name from James M. Halsey, a property owner and real estate operator in the area when the street was first laid out in 1835. The street runs through Bedford-Stuyvesant, where its brownstone-lined blocks became some of Brooklyn's most recognizable residential corridors.",,,Wikipedia,https://en.wikipedia.org/wiki/Halsey_Street,0.75
street_name,montague street,"Montague Street honors Lady Mary Wortley Montagu, who famously brought smallpox inoculation from Turkey to England.",Lady Mary Wortley Montagu,"Montague Street was named by developer Hezekiah Pierrepont for his relative Lady Mary Wortley Montagu, born in 1689 to the Pierrepont family. She gained fame for introducing smallpox inoculation to England after witnessing the practice in Turkey. The street became Brooklyn Heights' main commercial corridor.",,,Wikipedia,https://en.wikipedia.org/wiki/Montague_Street,0.88
street_name,nevins street,"Nevins Street is named for Russell Nevins, who with Charles Hoyt bought up much of what is now Boerum Hill in the 1830s.",Russell Nevins,"Nevins Street preserves the name of Russell Nevins, a land speculator who with partner Charles Hoyt purchased much of the Martense property in Boerum Hill between 1833 and 1834. Both men left their names on major north-south streets cut through the newly developed land.",,,Brownstoner,https://www.brownstoner.com/history/brooklyn-street-name-history-bergen-street-carroll-hoyt-smith-lincoln-place/,0.78
street_name,hoyt street,"Hoyt Street is named for Charles Hoyt, a real estate developer who helped open up South Brooklyn in the 1830s.",Charles Hoyt,"Hoyt Street honors Charles Hoyt, who with Russell Nevins purchased much of the Martense estate in what is now Boerum Hill between 1833 and 1834. Hoyt also petitioned for a second ferry service between Manhattan and Brooklyn, helping drive the area's early development.",,,Brownstoner,https://www.brownstoner.com/history/brooklyn-street-name-history-bergen-street-carroll-hoyt-smith-lincoln-place/,0.8
street_name,schermerhorn street,"Schermerhorn Street honors Abraham Schermerhorn, a wealthy merchant from a Dutch family that settled New York in 1636.",Abraham Schermerhorn,"Schermerhorn Street is named for Abraham Schermerhorn, a prominent 19th-century New York merchant descended from Jacob Janse Schermerhorn, who arrived from the Netherlands in 1636. Abraham inherited 160 acres in Gowanus which he sold around 1835 for land that later became Green-Wood Cemetery.",,,Wikipedia,https://en.wikipedia.org/wiki/Abraham_Schermerhorn,0.88
street_name,eastern parkway,Eastern Parkway was the world's first parkway — Olmsted and Vaux coined the very term when they designed it in 1870.,,"Eastern Parkway was designed by Frederick Law Olmsted and Calvert Vaux in 1866 and built between 1870 and 1874, modeled on Parisian boulevards. It is widely considered the first parkway in the United States, and the designers coined the word parkway for this tree-lined pleasure drive leading to Prospect Park.",,,Wikipedia,https://en.wikipedia.org/wiki/Eastern_Parkway,0.93
street_name,church avenue,"Church Avenue is named for the Flatbush Reformed Dutch Church, whose congregation dates to 1654 under Peter Stuyvesant.",The Flatbush Reformed Dutch Church,"Church Avenue takes its name from the Flatbush Reformed Dutch Church, founded in 1654 when Peter Stuyvesant ordered its construction. The road began as Church Lane, a path for cattle and hay wagons, and evolved into a major Flatbush corridor as the old Dutch farming village urbanized in the late 19th century.",,,Forgotten NY,https://forgotten-ny.com/2016/01/church-avenue-flatbush-part-1/,0.87
street_name,aberdeen street,"Aberdeen Street was formerly William Street in old Bushwick, renamed around 1855 — likely after the Scottish granite city — when Brooklyn consolidated its street grid.","Aberdeen, Scotland","Aberdeen Street in Bushwick was formerly William Street, renamed when outlying towns merged with the city of Brooklyn around 1855. The new name likely honors Aberdeen, the historic port city in northeastern Scotland. Many Brooklyn streets from this era took on British place names as the city rationalized its grid.",,,Obsolete Brooklyn Street Names,https://www.brooklyn.net/neighborhoods/obsolete_street_names.html,0.6
street_name,alabama avenue,"Alabama Avenue is part of a cluster of state-named streets in East New York, laid out in the 1830s–1870s alongside Virginia, Louisiana, and Mississippi Avenues.",State of Alabama,"When developers mapped out East New York's streets in the 1830s–1870s, they gave many avenues the names of U.S. states. Alabama Avenue was part of this patriotic naming convention. Several of those state-named neighbors were later renamed, but Alabama Avenue stuck.",,,Forgotten New York,https://forgotten-ny.com/2022/02/states-of-the-city/,0.7
street_name,bay parkway,"Bay Parkway used to be plain old 22nd Avenue until 1892, when the state legislature gave it a scenic upgrade to boost real estate along its route to Gravesend Bay.",Gravesend Bay,"Bay Parkway was renamed from 22nd Avenue by New York State legislation in 1892, placing it under the Brooklyn Parks Department as a landscaped boulevard. The 'Bay' refers to nearby Gravesend Bay. Despite the grand vision, funding was diverted and subway stations still read '22nd Avenue–Bay Parkway' well into the 20th century.",,,Wikipedia,https://en.wikipedia.org/wiki/Bay_Parkway_(Brooklyn),0.9
street_name,bay ridge avenue,"Bay Ridge Avenue takes its name from a neighborhood rebranded in 1853 — locals dropped the old Dutch name 'Yellow Hook' because it sounded too much like yellow fever.",Bay Ridge neighborhood,"The neighborhood was originally named Yellow Hook by Dutch settlers for the color of the local clay soil. In 1853, civic leaders voted to rename it Bay Ridge, honoring both the nearby New York Bay and the terminal moraine ridge left by retreating glaciers. Bay Ridge Avenue carries that same geographic name.",,,Wikipedia,https://en.wikipedia.org/wiki/Bay_Ridge%2C_Brooklyn,0.85
street_name,bergen street,"Bergen Street honors one of Brooklyn's founding Dutch families — Hans Hansen Bergen sailed from Norway to New Amsterdam around 1633 and his descendants became major Kings County landowners.",Hans Hansen Bergen,"Bergen Street honors the Bergen family, whose patriarch Hans Hansen Bergen emigrated from Bergen, Norway, to New Amsterdam around 1633. He settled at Wallabout Bay and founded a dynasty that held vast tracts of land across Brooklyn for generations. Descendant Teunis Garret Bergen owned much of the land the street now crosses.",,,Wikipedia,https://en.wikipedia.org/wiki/Hans_Hansen_Bergen,0.9
street_name,carroll street,"Carroll Street is named for Charles Carroll, the only Catholic to sign the Declaration of Independence. His Maryland regiment fought in the 1776 Battle of Brooklyn nearby.",Charles Carroll of Carrollton,"Carroll Street commemorates Charles Carroll of Carrollton, Maryland — the sole Catholic signer of the Declaration of Independence. His regiment of 400 Maryland soldiers fought heroically in the Battle of Long Island in August 1776, helping cover Washington's retreat. Carroll Park sits right on the street.",,,Wikipedia,https://en.wikipedia.org/wiki/Carroll_Gardens%2C_Brooklyn,0.9
street_name,central avenue,Central Avenue runs through the heart of Bushwick — its name simply reflects its central position along one of the neighborhood's oldest road alignments.,,"Central Avenue's name is descriptive rather than commemorative, reflecting its position as a through-route in the geographic center of Brooklyn. It follows the path of one of Bushwick's oldest roads. No single person or event is credited with the naming.",,,Wikipedia,https://en.wikipedia.org/wiki/Bushwick%2C_Brooklyn,0.6
street_name,chauncey street,"Chauncey Street honors Commodore Isaac Chauncey, the War of 1812 naval hero who also served as the longest-running commandant of the Brooklyn Navy Yard.",Isaac Chauncey,"Chauncey Street honors Commodore Isaac Chauncey, who commanded U.S. naval forces on Lake Ontario during the War of 1812. He served two stints as commandant of the Brooklyn Navy Yard (1807–1813 and 1824–1833). Comedian Jackie Gleason was born at 364 Chauncey Street in 1916.",,,Wikipedia,https://en.wikipedia.org/wiki/Isaac_Chauncey,0.9
street_name,clark street,"Clark Street in Brooklyn Heights marks the seam between two competing early 19th-century street grids — the Hicks plan to the north and Pierrepont's to the south.",,"Clark Street marks the dividing line between two competing street grid plans when Brooklyn Heights was first developed in the early 1800s. Like many Brooklyn Heights streets, it was almost certainly named for a prominent early landowner, though records confirming the exact namesake are unclear. The Clark Street subway station, opened in 1919, is one of the deepest in the NYC system.",,,Wikipedia,https://en.wikipedia.org/wiki/Clark_Street_station,0.55
street_name,classon avenue,"Classon Avenue preserves a Dutch colonial name — 'Claeson' meant 'son of Claes,' possibly tied to the Wyckoff family of Brooklyn's earliest settlers.",The Classon/Claeson family,"Classon Avenue preserves Brooklyn's Dutch colonial past through its name, derived from the Dutch patronymic 'Claeson' (son of Claes). It is tentatively linked to Pieter Claeson Wyckoff, one of the earliest Dutch settlers of New Amsterdam, though the connection is not definitively confirmed. The avenue forms the boundary between Clinton Hill and Bedford-Stuyvesant.",,,NYC Parks,https://www.nycgovparks.org/parks/classon-playground-b293/history,0.65
street_name,cleveland street,"Cleveland Street is named for Grover Cleveland, the only U.S. president to serve two non-consecutive terms and a former New York governor popular in Brooklyn.",Grover Cleveland,"Cleveland Street in East New York is named for President Grover Cleveland, who served as the 22nd and 24th U.S. President. Cleveland was a New Yorker — former mayor of Buffalo and governor of New York State — and was widely admired in Brooklyn when the neighborhood's streets were being built out in the 1880s–90s.",,,Forgotten New York,https://forgotten-ny.com/2022/03/grover-cleveland-park-ridgewood/,0.75
street_name,crescent street,"Crescent Street gets its name from its curved, crescent-like path — the street bends noticeably, unlike the straight grid around it in Cypress Hills.",,"Crescent Street takes its name from its distinctive curved alignment, visible on 19th-century maps as it bends away from the neighborhood's rectilinear street grid. The curve likely followed natural topography or an older farm road. The BMT Fulton Street elevated line opened a station here in 1893.",,,Wikipedia,https://en.wikipedia.org/wiki/Crescent_Street_station_(BMT_Fulton_Street_Line),0.65
street_name,ditmas avenue,"Ditmas Avenue honors the Ditmas family, Dutch settlers who farmed Flatbush for over 200 years starting in the mid-1600s.",The Ditmas family,"The Ditmas family were among the earliest Dutch settlers in Flatbush, holding farmland from the 1600s through the 19th century. Their homestead once stood near what is now Dorchester Road, surrounded by orchards stretching to Flatbush Avenue. Both the avenue and the adjacent Ditmas Park neighborhood preserve their name.",,,Wikipedia,https://en.wikipedia.org/wiki/Ditmas_Park%2C_Brooklyn,0.9
street_name,elderts lane,"Elderts Lane is named for Johannes Eldert, whose farm was Lot #1 of the 47 parcels granted by the 1677 New Lotts charter in what is now East New York.",Johannes Eldert,"Johannes Eldert was a Dutch farmer who received one of the original parcels in the 1677 'New Lotts of Midwout' land grant — a colonial division of what became eastern Brooklyn. The lane bearing his name once marked the edge of his property and today sits right on the Brooklyn-Queens border.",,,Forgotten New York,https://forgotten-ny.com/2005/07/eldert-lane-brooklyn-queens-line/,0.85
street_name,euclid avenue,"Euclid Avenue may be a quiet nod from 19th-century city surveyors who used the ancient Greek mathematician's principles daily to lay out street grids.",Euclid of Alexandria,"Streets named Euclid appear across American cities, and historians believe it was a quiet inside joke among city surveyors who used Euclid's geometric principles daily when plotting grids. Brooklyn's Euclid Avenue in East New York follows this nationwide naming pattern from the late 1800s.",,,Wikipedia,https://en.wikipedia.org/wiki/Euclid_Avenue_station_(IND_Fulton_Street_Line),0.7
street_name,forest avenue,"Forest Avenue is named for the forested landscape that once dominated this part of Brooklyn's eastern edge near the Queens border and Forest Park.",,"Forest Avenue runs through Cypress Hills near the Brooklyn-Queens boundary, a region historically characterized by dense woodland. The street's name reflects the forested landscape that dominated this part of Brooklyn before suburban development. Nearby Forest Park in Queens preserves a remnant of the same ancient forest.",,,NYC Parks,https://www.nycgovparks.org/parks/forest-park/history,0.6
street_name,forest parkway,"Forest Parkway was laid out around 1900 by developer Dean Alvord as a scenic approach to Forest Park from the Woodhaven neighborhood.",Forest Park,"Forest Parkway was developed around 1900 by real estate entrepreneur Dean Alvord, who purchased land between Jamaica Avenue and Forest Park for a planned residential community. Alvord used many of the same builders from his Brooklyn Prospect Park South development. The name directly references Forest Park, which Brooklyn officials began acquiring in 1895.",,,QNS,https://qns.com/2025/04/early-days-forest-parkway-woodhaven-neighborhood/,0.75
street_name,fort hamilton parkway,"Originally Fort Hamilton Avenue, the state legislature renamed it a 'parkway' in 1892 to boost surrounding real estate — the fort itself honors Alexander Hamilton.",Fort Hamilton (Alexander Hamilton),"Originally called Fort Hamilton Avenue, this road was Brooklyn's main route south to the harbor fortification. The state legislature renamed it a parkway in 1892, placing it under the Brooklyn Parks Department to enhance surrounding property values. Fort Hamilton itself was associated with Alexander Hamilton's name as early as 1826.",,,Wikipedia,https://en.wikipedia.org/wiki/Fort_Hamilton_Parkway,0.92
street_name,franklin avenue,"Franklin Avenue in Crown Heights honors Benjamin Franklin — part of Brooklyn's 19th-century tradition of naming major avenues after Founding Fathers.",Benjamin Franklin,"Franklin Avenue honors Benjamin Franklin, one of the most celebrated Founding Fathers. Brooklyn routinely named major avenues after American heroes during the 19th century as it rapidly urbanized. The avenue has been a key commercial corridor since at least the 1880s, when its oldest surviving mixed-use buildings were constructed.",,,Brooklyn Ron,http://www.brooklynron.com/bedstuystreet_franklin.html,0.8
street_name,grant avenue,"Grant Avenue honors Ulysses S. Grant, Union Army commander and 18th president — one of many Brooklyn streets commemorating Civil War heroes.",Ulysses S. Grant,"Grant Avenue in East New York was named for Ulysses S. Grant, whose Civil War victories and presidency made him a revered figure in post-war decades. Brooklyn embraced a wave of Civil War commemorations in the 1860s–1890s. A prominent equestrian statue of Grant was unveiled in Brooklyn on April 27, 1896.",,,Wikipedia,https://en.wikipedia.org/wiki/Grant_Avenue_station_(IND_Fulton_Street_Line),0.82
street_name,high street,"'High Street' comes from the Old English for a principal road — Brooklyn inherited this classic British naming convention for a main commercial thoroughfare.",English High Street tradition,"The name derives from the Old English 'heahstræte,' meaning a principal or elevated road, traditionally given to a town's most important commercial thoroughfare. Brooklyn's High Street in Brooklyn Heights carries this centuries-old English naming tradition near the approach to the Brooklyn Bridge.",,,Wikipedia,https://en.wikipedia.org/wiki/High_Street_station_(IND_Eighth_Avenue_Line),0.78
street_name,jefferson street,"Jefferson Street honors Thomas Jefferson as part of Brooklyn's 1840s project to name dozens of streets after the 56 signers of the Declaration of Independence.",Thomas Jefferson,"In the 1840s, the City of Brooklyn named dozens of streets in what is now Williamsburg and Bed-Stuy after the 56 signers of the Declaration of Independence — 43 of the 56 received a street. Jefferson Street honors Thomas Jefferson, principal author of the Declaration. The streets were mapped around 1846.",,,Forgotten New York,https://forgotten-ny.com/2006/07/williamsburg-part-one-brooklyn/,0.85
street_name,junius street,"Junius Street cuts through Brownsville — its name's origin remains undocumented, making it one of Brooklyn's street-name mysteries.",,"Junius Street cuts through Brownsville and East New York, neighborhoods that transformed from farmland into dense urban communities in the early 20th century. The street's name has not been conclusively traced to a specific person or place in any publicly available historical source.",,,Wikipedia,https://en.wikipedia.org/wiki/Junius_Street_station,0.5
street_name,kingston avenue,"Kingston Avenue is part of a brilliant naming scheme — Brooklyn's avenues trace cities up the Hudson and along the Erie Canal: Kingston, Albany, Troy, Utica, Buffalo.","Kingston, New York","Kingston Avenue is named for Kingston, NY, which briefly served as New York State's capital in 1777 before the British burned it. Brooklyn planners used Hudson Valley and Erie Canal corridor cities — Albany, Troy, Schenectady, Utica, Rochester, Buffalo — to name mid-Brooklyn's north-south avenues.",,,Wikipedia,https://en.wikipedia.org/wiki/Kingston_Avenue,0.9
street_name,kosciuszko street,"Kosciuszko Street honors the Polish general who designed American fortifications at Saratoga and West Point, helping turn the tide of the Revolution.",Tadeusz Kosciuszko,"Tadeusz Kosciuszko was a Polish military engineer who volunteered for the Continental Army in 1776 and engineered the defenses at the Battle of Saratoga. He later led a major uprising against the partition of Poland and counted Thomas Jefferson as a close friend.",,,Wikipedia,https://en.wikipedia.org/wiki/Tadeusz_Ko%C5%9Bciuszko,0.9
street_name,lafayette avenue,"Lafayette Avenue honors the French general who served under Washington for free and returned to a hero's welcome in 1824, sparking nationwide Lafayette-mania.",Marquis de Lafayette,"The Marquis de Lafayette was a French aristocrat who crossed the Atlantic to fight for American independence without pay. When he returned for a triumphal U.S. tour in 1824–1825, cities across the country named streets and squares in his honor — including this Fort Greene/Bed-Stuy corridor.",,,Wikipedia,https://en.wikipedia.org/wiki/List_of_places_named_for_the_Marquis_de_Lafayette,0.9
street_name,liberty avenue,"Liberty Avenue wasn't named for patriotism — it was literally toll-free when parallel roads like Jamaica Avenue charged travelers to pass.",,"Liberty Avenue runs through East New York and into Queens. According to local lore, its name comes from practical origins: the road was free of tolls when competing routes like Jamaica Avenue charged travelers. The name 'Liberty' meant free passage. The avenue developed as the 26th Ward was annexed by Brooklyn in 1886.",,,Wikipedia,https://en.wikipedia.org/wiki/Liberty_Avenue_(New_York_City),0.75
street_name,livonia avenue,"Livonia Avenue's origin is a genuine mystery — one theory links it to a local Dutch farming family, another to a medieval Baltic region in present-day Latvia.",,"When Livonia Avenue was laid out in the Town of New Lots, one source attributes the name to the Linningtons, a local farming family. However, the name may also echo Livonia — a historical region in present-day Latvia and Estonia named by 12th-century German crusaders. Both theories remain in circulation.",,,Forgotten New York,https://forgotten-ny.com/2016/09/livonia-avenue-east-new-york/,0.7
street_name,montrose avenue,"Montrose Avenue was laid out in 1850 through Brooklyn's 'German Quarter' — its exact namesake remains one of Williamsburg's unsolved street-name mysteries.",,"Montrose Avenue was laid out in 1850 and extended eastward in 1906, running through a neighborhood that had become a hub for German immigrants. Most Holy Trinity Church at 138 Montrose — the first German Catholic parish in Brooklyn, founded 1841 — still anchors the block. The street's exact namesake remains unconfirmed.",,,Forgotten New York,https://forgotten-ny.com/2015/11/montrose-avenue-east-williamsburg/,0.6
street_name,neptune avenue,"In Coney Island, even the streets have aquatic names — Neptune Avenue joins Surf and Mermaid Avenues in one of NYC's most mythologically themed street grids.",Neptune (Roman god of the sea),"Neptune Avenue runs through Coney Island, joining Surf Avenue and Mermaid Avenue as part of a deliberate aquatic naming theme befitting the seaside resort. The street was named after Neptune, the Roman god of the sea. The Neptune Avenue subway station on the BMT Culver Line opened in 1920.",,,Wikipedia,https://en.wikipedia.org/wiki/Neptune_Avenue_station,0.85
street_name,new lots avenue,"'New Lots' dates to the 1600s, when Dutch farmers from Flatbush carved out fresh tracts of land further east and called them — straightforwardly — their new lots.",The Town of New Lots,"In the 17th century, Dutch farmers from Flatbush began subdividing additional land further east, calling the new tracts 'Nieuw Lots.' By 1652 the area was formally known as New Lots, and by 1820 it became Brooklyn's youngest independent town. The IRT subway extended to the avenue in 1922, transforming the rural corridor.",,,Brooklyn Public Library,https://www.bklynlibrary.org/locations/new-lots/history,0.85
street_name,new utrecht avenue,"New Utrecht Avenue follows the spine of a Dutch colonial town founded in the 1650s, named for Utrecht in the Netherlands by settler Cornelius van Werckhoven.","Utrecht, Netherlands (via Cornelius van Werckhoven)","In 1652, Dutch investor Cornelius van Werckhoven acquired land in western Long Island. After his death, guardian Jacques Cortelyou named the settlement 'Nieuw Utrecht' after van Werckhoven's Dutch hometown. New Utrecht Avenue was laid out as a plank road in the 1830s and later became the route of the West End elevated subway line in 1917.",,,Wikipedia,https://en.wikipedia.org/wiki/New_Utrecht%2C_Brooklyn,0.9
street_name,norwood avenue,"Norwood Avenue in Cypress Hills sits on land once farmed by the Rapalje family — the name likely comes from real estate developers evoking 'north woods.'",,"Norwood Avenue runs through Cypress Hills, an area that was part of the Rapalje family homestead during the Dutch colonial era. The street was built up in the late 1880s around the Brooklyn Elevated Railroad's Norwood Avenue station, which opened in 1893. The name 'Norwood' likely originated with real estate developers.",,,Wikipedia,https://en.wikipedia.org/wiki/Norwood_Avenue_station,0.6
street_name,ocean parkway,"Designed by Olmsted and Vaux in the 1870s, Ocean Parkway was one of America's first six-lane parkways — a scenic 5.5-mile drive from Prospect Park to the sea.",The Atlantic Ocean,"Ocean Parkway was designed by Frederick Law Olmsted and Calvert Vaux, inspired by Parisian boulevards, and built between 1874 and 1876. Its name comes from its destination — it runs from Prospect Park to the ocean at Brighton Beach. Originally nicknamed 'Coney Island Boulevard,' the Ocean Parkway name stuck by the 1890s.",,,Wikipedia,https://en.wikipedia.org/wiki/Ocean_Parkway_(Brooklyn),0.95
street_name,park place,"Park Place in Crown Heights runs near the site of Bedford Park, a four-acre plot purchased by the city in 1892, giving the street its leafy name.",,"Park Place is a common Brooklyn street name tied to nearby green spaces. In Crown Heights, the street runs close to where Bedford Park was established in 1892. The broader naming tradition echoes the park-adjacent developments that transformed Brooklyn in the late 19th century.",,,Wikipedia,https://en.wikipedia.org/wiki/Park_Place_Historic_District_(Brooklyn),0.55
street_name,parkside avenue,"Originally called Robinson Street, Parkside Avenue was renamed in 1902 because it runs right along the side of Prospect Park.",Prospect Park,"Parkside Avenue was cut through the former Brown estate around 1908, after the family had operated a semi-public botanical garden on the land. It was renamed in 1902 to reflect its position alongside Prospect Park, helping market the elegant row houses that followed.",,,NYC LPC,https://www.nyc.gov/site/lpc/about/pr2022/lpc-designates-the-melrose-parkside-historic-district-in-flatbush-brooklyn.page,0.8
street_name,pennsylvania avenue,"Pennsylvania Avenue honors the Keystone State and was once East New York's grand boulevard, lined with courthouses and banks.",State of Pennsylvania,"Pennsylvania Avenue runs north-south through East New York, once lined with courthouses and banks reflecting the area's early prosperity. It shares its name with many 'Pennsylvania Avenues' across American cities, honoring the state's central role in the nation's founding. Locally it is also known as Granville Payne Avenue.",,,Wikipedia,https://en.wikipedia.org/wiki/Pennsylvania_Avenue_(Brooklyn),0.7
street_name,president street,"President Street sits in Carroll Gardens, part of a cluster of patriotically named streets honoring the American Republic — neighbors include Union and Clinton.",The office of the U.S. Presidency,"Carroll Gardens was developed in the mid-19th century with streets named to celebrate American civic life and Revolutionary War heroes. President Street was named as part of this patriotic theme rather than for any specific president. The neighborhood itself honors Charles Carroll, the only Catholic signer of the Declaration of Independence.",,,Wikipedia,https://en.wikipedia.org/wiki/Carroll_Gardens%2C_Brooklyn,0.72
street_name,prospect avenue,"Originally called Middle Street, Prospect Avenue was renamed in 1868 to celebrate the newly opened Prospect Park — the Legislature even widened it for the occasion.",Prospect Park,"Prospect Avenue began as Middle Street in the 1839 Commissioners Plan. When Prospect Park opened in 1867, the Legislature widened it from 60 to 80 feet and rechristened it Prospect Avenue. An earlier attempt in 1865 to rename it Sterling Street was vetoed by the mayor.",,,Wikipedia,https://en.wikipedia.org/wiki/Prospect_Avenue_(Brooklyn),0.92
street_name,ralph avenue,"Ralph Avenue is named for Ralph Patchen, a Brooklyn landholder so prominent that two streets carry his name — Ralph Avenue and Patchen Avenue.",Ralph Patchen,"Ralph Patchen was a significant 19th-century Brooklyn landowner whose property shaped central Brooklyn's development. Both Ralph Avenue and Patchen Avenue bear his name, and Atlantic Avenue originally ran as a private road leading to his farm. His holdings helped define the street grid in what is now Bedford-Stuyvesant and East Flatbush.",,,Wikipedia,https://en.wikipedia.org/wiki/Ralph_Avenue,0.82
street_name,rockaway avenue,"'Rockaway' comes from the Lenape word 'Reckowacky,' meaning 'place of sands' — a name echoing thousands of years of Indigenous presence on this coast.",The Rockaway region (Lenape place name),"Rockaway Avenue takes its name from the broader Rockaway region, whose toponym traces to the Lenape (Canarsee) people who inhabited coastal Brooklyn and Queens for millennia. The original street was called Paca Avenue before being renamed to align with the area's geographic identity.",,,Wikipedia,https://en.wikipedia.org/wiki/Rockaway_Avenue,0.85
street_name,rockaway parkway,"Rockaway Parkway began as an 18th-century colonial road to the Canarsie Ferry, following paths first blazed by the Canarsee Lenape people.",The Rockaway region (Lenape place name),"Rockaway Parkway runs through Canarsie toward Jamaica Bay, tracing routes that Indigenous Canarsee people used centuries before European settlement. Despite its name, it does not actually reach the Rockaway Peninsula. The BMT Canarsie Line's eastern terminus at Rockaway Parkway opened in 1906.",,,Wikipedia,https://en.wikipedia.org/wiki/Rockaway_Parkway,0.88
street_name,saratoga avenue,"Saratoga Avenue was named in 1835 for the town where American forces won the pivotal 1777 battle that turned the tide of the Revolutionary War.",The Battles of Saratoga,"Saratoga Avenue was named as part of a Brooklyn tradition of honoring upstate New York towns associated with Revolutionary War glory. The Battles of Saratoga in 1777 — where General Burgoyne surrendered his British army — are considered the war's turning point. The surrounding Saratoga Park area once hosted circuses and Wild West shows before the city acquired the land in 1896.",,,NYC Parks,https://www.nycgovparks.org/parks/saratoga-park/history,0.88
street_name,seneca avenue,"Seneca Avenue honors the Seneca Nation, the westernmost of the Six Nations of the Iroquois Confederacy and 'Keepers of the Western Door.'",The Seneca people,"Seneca Avenue was named for the Seneca people, who called themselves Onandowaga ('people of the hill'), as part of a cluster of streets named for Native American tribes. The avenue runs primarily through Ridgewood along the Brooklyn-Queens border. In the early 20th century the area became a hub for German-speaking immigrants.",,,Wikipedia,https://en.wikipedia.org/wiki/Seneca_people,0.72
street_name,shepherd avenue,"Shepherd Avenue is named for a local farming family in 19th-century East New York — the specific individual behind the name has been lost to time.",The Shepherd family,"Shepherd Avenue takes its name from a local family that farmed the East New York area before the neighborhood was developed. No single prominent individual named Shepherd has been definitively identified as the sole namesake. The avenue is now known for its subway stop on the A/C line.",,,Wikipedia,https://en.wikipedia.org/wiki/Shepherd_Avenue_station,0.5
street_name,sterling street,"Sterling Street honors Gen. William Alexander, 'Lord Stirling' — the spelling changed from Stirling to Sterling due to an early clerical error that stuck.","William Alexander, Lord Stirling","Sterling Street honors Major General William Alexander (1726–1783), who styled himself 'Lord Stirling' after a disputed Scottish earldom. He fought in the 1776 Battle of Brooklyn nearby. The name was spelled 'Sterling' thanks to a clerk's mistake that became permanent when the street was renamed from Butler Street in 1873.",,,Wikipedia,https://en.wikipedia.org/wiki/William_Alexander%2C_Lord_Stirling,0.9
street_name,stillwell avenue,"Stillwell Avenue honors Nicholas Stillwell (1603–1671), a Dutch settler who farmed the Gravesend area — his family became one of Brooklyn's most prominent early clans.",Nicholas Stillwell,"Stillwell Avenue commemorates Nicholas Stillwell, an early Dutch settler who arrived in Brooklyn around the 1640s and established a farm in Gravesend. His descendants were influential in Kings County for generations. Today the avenue is home to the Stillwell Avenue terminal — the largest open-air subway station in the world.",,,Wikipedia,https://en.wikipedia.org/wiki/Stillwell_Avenue,0.9
street_name,sutter avenue,"Sutter Avenue is named for Peter D. Sutter, a Brooklyn Democratic Party boss who ran the 26th Ward in the late 19th century — politics had its perks.",Peter D. Sutter,"Sutter Avenue was named for Peter D. Sutter, an influential Democratic Party boss of Brooklyn's 26th Ward in the late 1800s. At the turn of the 20th century, the avenue became a thriving entertainment corridor in East New York, rivaling Broadway with theaters like the Biltmore and Gotham.",,,Wikipedia,https://en.wikipedia.org/wiki/Sutter_Avenue,0.75
street_name,union street,"Not named for the Civil War! Union Street takes its name from the Union Stores, a group of Red Hook waterfront warehouses that stored sugar and molasses.",The Union Stores (Red Hook warehouses),"Union Street's name honors the Union Stores, a cluster of dockside warehouses on the Red Hook waterfront that handled sugar, molasses, and other commodities in the early 1800s. The street was previously called Bergen Street before the name was reassigned. It became a main artery through Carroll Gardens as the neighborhood developed in the late 1840s.",,,Forgotten New York,https://forgotten-ny.com/2011/07/union-street-brooklyn/,0.8
street_name,van siclen avenue,"Van Siclen Avenue honors one of the first Dutch families to settle Long Island in the 1600s — their farms and cemetery still echo across the neighborhood.",The Van Siclen family,"Van Siclen Avenue honors a prominent Dutch family who were among the earliest settlers on Long Island, arriving in the 17th century. They farmed land in the New Lots district and in Gravesend. Several family members are interred at the Van Sicklen Cemetery in Gravesend.",,,Wikipedia,https://en.wikipedia.org/wiki/Van_Siclen_Avenue,0.85
street_name,wilson avenue,"Wilson Avenue was originally Hamburg Avenue, renamed in 1917 when WWI anti-German sentiment swept NYC — you can still see 'Hamburg Ave' carved into old building stones.",Woodrow Wilson,"Wilson Avenue in Bushwick was originally Hamburg Avenue, reflecting the neighborhood's large German immigrant population. When America entered World War I in 1917, anti-German sentiment led to the street being renamed for President Woodrow Wilson. You can still spot 'Hamburg Ave' carved into stonework near Harman Street.",,,Taxilandia,https://www.taxilandia.com/blog-3/the-former-hamburg-avenue,0.9
street_name,winthrop street,"Winthrop Street likely honors John Winthrop, the Puritan governor of Massachusetts Bay Colony — part of Flatbush's fondness for Anglo-New England street names.",John Winthrop,"Winthrop Street is believed to honor John Winthrop (1588–1649), the first governor of the Massachusetts Bay Colony. The street lies in Flatbush, where late-19th-century developers gave many streets Anglo and New England-flavored names. No primary source definitively confirms this connection.",,,Wikipedia,https://en.wikipedia.org/wiki/Winthrop_Street_station,0.6
street_name,woodhaven boulevard,"Woodhaven Boulevard follows a colonial road from 1668 and became the first direct road link between Brooklyn/Queens and the Rockaway beaches in 1923.","Woodhaven, Queens","Woodhaven Boulevard takes its name from the Queens neighborhood founded as 'Woodville' in 1835 and renamed Woodhaven in 1853 to avoid postal confusion. The boulevard follows an old colonial road from 1668 and was completed in its modern form in 1923, becoming the first direct road link between Brooklyn/Queens and the Rockaway Peninsula.",,,Wikipedia,https://en.wikipedia.org/wiki/Woodhaven_and_Cross_Bay_Boulevards,0.9
street_name,york street,"York Street is named for James, Duke of York — the man who renamed the colony from 'New Amsterdam' to 'New York' after the British seized it in 1664.","James, Duke of York","York Street commemorates James Stuart, Duke of York, who received the colony of New Netherlands from his brother King Charles II in 1664 and renamed it New York. The street sits in DUMBO, forming the southern boundary of the DUMBO Historic District.",,,Wikipedia,https://en.wikipedia.org/wiki/Dumbo%2C_Brooklyn,0.8
